Dato,Tid,NO2,NOx,CO,O3,PM10,PM25,SO2
28-07, 23,    58.40,   109.11,     0.40,    23.83,    27.90,     9.55,     1.46,
28-07, 22,    68.17,   150.41,     0.45,    23.79,    42.40,    12.25,     2.12,
28-07, 21,    70.14,   159.34,     0.52,    23.36,    61.05,    16.40,     2.46,
28-07, 20,    64.45,   136.86,     0.56,    28.63,    30.60,    10.10,     1.93,
28-07, 19,    63.97,   138.13,     0.43,    31.34,    28.00,    10.40,     2.04,
28-07, 18,    58.50,   129.12,     0.35,    35.90,    26.20,    12.35,     2.13,
28-07, 17,    47.35,   100.64,     0.32,    42.13,    45.85,    11.45,     1.69,
28-07, 16,    30.70,    65.35,     0.29,    55.66,    33.00,     7.30,     1.07,
28-07, 15,    44.73,    99.49,     0.36,    46.23,    34.90,     7.90,     1.59,
28-07, 14,    40.43,    86.27,     0.26,    50.94,    34.30,     7.55,     1.51,
28-07, 13,    42.29,   103.93,     0.31,    47.66,    31.90,     7.65,     1.66,
28-07, 12,    40.15,   109.40,     0.26,    44.57,    33.15,     7.15,     1.93,
28-07, 11,    52.19,   125.48,     0.29,    41.86,    25.40,     6.70,     2.03,
28-07, 10,    42.46,    89.94,     0.27,    50.00,    24.60,     5.95,     1.42,
28-07,  9,    46.71,   114.30,     0.27,    40.35,    29.50,     7.20,     1.72,
28-07,  8,    42.18,    96.41,     0.25,    34.60,    24.05,     5.35,     1.45,
28-07,  7,    46.34,   119.00,     0.31,    22.28,    29.65,     8.50,     1.86,
28-07,  6,    47.32,   124.84,     0.33,    20.06,    21.15,     8.85,     1.99,
28-07,  5,    43.47,   109.74,     0.27,    24.89,    33.45,    11.70,     1.66,
28-07,  4,    53.37,    92.61,     0.25,    15.18,    64.60,    14.35,     1.28,
28-07,  3,    26.57,    42.03,     0.19,    38.16,    19.05,    10.90,     0.50,
28-07,  2,    27.18,    34.28,     0.17,    39.65,    18.95,    10.70,     0.24,
28-07,  1,    25.41,    32.00,     0.16,    46.84,    20.80,     9.65,     0.26,
28-07,  0,    19.21,    23.84,     0.17,    61.81,    13.45,     7.90,     0.24,
27-07, 23,    19.42,    29.34,     0.22,    65.10,    16.80,     9.00,     0.38,
27-07, 22,    18.99,    27.89,     0.21,    65.33,    14.95,     7.40,     0.37,
27-07, 21,    26.12,    41.37,     0.23,    59.76,    18.60,     9.20,     0.50,
27-07, 20,    22.56,    32.82,     0.21,    66.91,    13.50,     7.05,     0.45,
27-07, 19,    27.65,    47.38,     0.22,    64.47,    21.60,     8.75,     0.61,
27-07, 18,    36.17,    60.86,     0.27,    58.39,    15.15,     7.65,     0.89,
27-07, 17,    40.94,    71.00,     0.32,    54.20,    28.10,    10.00,     1.01,
27-07, 16,    41.49,    77.06,     0.33,    54.93,    37.55,     9.20,     1.11,
27-07, 15,    47.33,    93.63,     0.36,    46.18,    26.00,     5.95,     1.63,
27-07, 14,    53.08,   111.84,     0.35,    43.45,    32.25,     8.30,     2.12,
27-07, 13,    46.25,   103.34,     0.30,    48.01,    40.45,    10.00,     1.75,
27-07, 12,    56.97,   135.29,     0.34,    37.49,    39.15,    10.20,     2.30,
27-07, 11,    59.34,   135.06,     0.30,    33.92,    36.50,    10.20,     2.30,
27-07, 10,    50.46,   124.00,     0.26,    38.71,    38.00,    10.80,     2.19,
27-07,  9,    43.44,   121.54,     0.23,    37.60,    35.20,     9.50,     2.37,
27-07,  8,    42.10,   102.42,     0.25,    34.13,    39.40,     9.60,     1.86,
27-07,  7,    46.28,   129.53,     0.35,    26.56,    50.85,    11.40,     2.78,
27-07, 6, 34.03, 94.98, 0.29, 31.94, 41.15, 10.85, 1.68,
27-07,  5,   100.00,   342.01,     0.39,     2.02,   119.25,    24.95,     6.59,
27-07,  4,    70.73,   163.52,     0.31,     2.79,   225.00,    28.10,     3.01,
27-07,  3,    61.84,   102.82,     0.22,     3.84,    53.65,    13.00,     1.49,
27-07,  2,    45.85,    62.15,     0.21,    17.86,    24.65,     8.80,     0.68,
27-07,  1,    49.27,    80.71,     0.18,    16.81,    20.00,     9.00,     1.08,
27-07,  0,    59.30,   104.08,     0.28,     7.72,    27.65,    12.30,     1.46,
26-07, 23,    34.25,    64.99,     0.27,    30.41,    23.50,     8.80,     1.01,
26-07, 22,    44.24,    92.52,     0.30,    24.95,    37.65,    10.40,     1.68,
26-07, 21,    36.11,    75.15,     0.35,    34.70,    43.45,     9.25,     1.16,
26-07, 20,    33.45,    70.46,     0.32,    40.62,    51.90,    10.80,     1.15,
26-07, 19,    32.05,    73.07,     0.34,    46.05,    44.80,    10.85,     1.36,
26-07, 18,    27.27,    49.15,     0.26,    55.27,    41.20,    11.00,     0.88,
26-07, 17,    29.02,    56.84,     0.29,    56.00,    31.90,     9.55,     0.94,
26-07, 16,    32.76,    69.48,     0.29,    53.22,    43.95,     9.20,     1.32,
26-07, 15,    31.28,    64.02,     0.27,    49.77,    41.45,     8.95,     1.19,
26-07, 14,    34.80,    79.98,     0.23,    43.93,    45.25,     8.70,     1.59,
26-07, 13,    39.46,    80.48,     0.22,    45.66,    36.45,     6.45,     1.53,
26-07, 12,    41.31,    90.32,     0.25,    42.24,    36.90,     7.95,     1.53,
26-07, 11,    40.81,   109.97,     0.29,    39.04,    36.40,    10.50,     1.83,
26-07, 10,    44.46,   109.27,     0.29,    36.38,    37.20,    11.70,     1.82,
26-07,  9,    33.80,    71.74,     0.23,    41.64,    27.35,     9.40,     1.26,
26-07,  8,    40.94,    98.98,     0.24,    31.10,    31.20,    10.00,     1.56,
26-07,  7,    41.33,   102.60,     0.30,    26.82,    42.20,    12.80,     1.73,
26-07,  6,    44.36,   105.84,     0.27,    23.78,    37.55,    11.55,     1.73,
26-07,  5,    50.01,   133.44,     0.34,    21.08,    37.60,    11.00,     2.16,
26-07,  4,    17.96,    33.81,     0.18,    33.21,    17.60,     6.65,     0.67,
26-07,  3,    13.51,    20.24,     0.21,    41.54,    22.00,    10.25,     0.20,
26-07,  2,    15.11,    20.76,     0.19,    43.68,    21.40,    10.45,     0.24,
26-07,  1,    18.37,    30.00,     0.22,    50.16,    22.25,    13.25,     0.54,
26-07,  0,    24.10,    36.08,     0.28,    46.49,    23.05,    14.90,     0.55,
25-07, 23,    32.86,    46.26,     0.39,    43.52,    33.10,    17.60,     0.57,
25-07, 22,    28.70,    51.62,     0.31,    51.25,    30.65,    15.90,     0.84,
25-07, 21,    28.46,    43.32,     0.33,    58.79,    30.75,    16.20,     0.61,
25-07, 20,    34.53,    55.15,     0.37,    63.31,    36.30,    17.95,     0.67,
25-07, 19,    41.83,    83.40,     0.32,    57.18,    34.00,    17.30,     1.35,
25-07, 18,    30.68,    43.13,     0.34,    64.84,    31.40,    16.50,     0.64,
25-07, 17,    24.19,    39.49,     0.30,    71.52,    28.40,    15.00,     0.60,
25-07, 16,    26.90,    46.08,     0.31,    68.75,    24.05,    11.85,     0.78,
25-07, 15,    26.09,    46.77,     0.31,    68.40,    28.05,    13.10,     0.71,
25-07, 14,    25.90,    51.31,     0.30,    68.24,    27.90,    12.65,     0.78,
25-07, 13,    39.17,    86.49,     0.38,    60.02,    36.20,    14.45,     1.33,
25-07, 12,    46.14,    83.84,     0.34,    60.29,    39.25,    17.25,     1.11,
25-07, 11,    54.63,   109.44,     0.37,    56.66,    52.80,    20.95,     1.38,
25-07, 10,    75.93,   192.40,     0.46,    39.13,    54.85,    19.35,     3.19,
25-07,  9,    53.08,   107.14,     0.30,    47.70,    33.30,    12.95,     2.00,
25-07,  8,    50.71,    96.86,     0.29,    45.90,    30.10,    11.35,     1.53,
25-07,  7,    44.30,   105.10,     0.29,    40.11,    31.95,    11.90,     1.58,
25-07,  6,    64.05,   136.54,     0.40,    30.95,    41.35,    14.25,     2.19,
25-07,  5,    49.81,    93.11,     0.32,    32.48,    35.05,    11.75,     1.29,
25-07,  4,    30.25,    54.16,     0.23,    37.16,    47.15,    10.60,     0.71,
25-07,  3,    30.69,    39.56,     0.20,    36.04,    19.15,     9.80,     0.37,
25-07,  2,    21.96,    26.93,     0.20,    47.79,    16.20,     9.15,     0.11,
25-07,  1,    19.20,    26.04,     0.18,    55.28,    14.15,     7.70,     0.13,
25-07,  0,    25.69,    39.57,     0.21,    50.87,    16.65,     9.30,     0.37,
24-07, 23,    32.49,    47.52,     0.26,    50.53,    22.80,    11.00,     0.37,
24-07, 22,    36.57,    55.66,     0.37,    52.97,    23.60,    11.85,     0.53,
24-07, 21,    40.17,    59.89,     0.31,    56.18,    25.50,    12.00,     0.60,
24-07, 20,    36.15,    59.37,     0.34,    60.48,    40.00,    15.10,     0.72,
24-07, 19,    42.17,    77.50,     0.40,    57.14,    44.00,    13.85,     1.24,
24-07, 18,    28.39,    50.34,     0.26,    67.53,    26.50,    10.15,     1.01,
24-07, 17,    33.69,    62.13,     0.25,    63.08,    24.15,     9.55,     1.29,
24-07, 16,    36.86,    75.86,     0.32,    57.84,    27.65,     9.40,     1.46,
24-07, 15,    29.18,    53.49,     0.27,    70.83,    25.25,     8.65,     1.15,
24-07, 14,    42.28,    86.71,     0.29,    64.87,    31.30,     9.80,     1.49,
24-07, 13,    24.14,    40.42,     0.22,    81.32,    19.45,     7.75,     0.94,
24-07, 12,    33.01,    63.04,     0.27,    71.94,    17.40,     9.00,     0.97,
24-07, 11,    32.22,    58.00,     0.25,    64.50,    29.15,    10.30,     0.94,
24-07, 10,    36.62,    64.11,     0.27,    59.28,    19.25,     9.10,     1.01,
24-07,  9,    33.81,    59.08,     0.21,    56.77,    17.60,     8.10,     0.84,
24-07,  8,    29.64,    48.48,     0.21,    52.26,    18.45,     8.95,     0.62,
24-07,  7,    20.74,    31.85,     0.19,    56.31,    16.55,     8.00,     0.54,
24-07,  6,    15.06,    20.21,     0.15,    62.58,    14.40,     6.85,     0.51,
24-07,  5,    41.19,    66.36,     0.19,    40.95,    73.40,    13.75,     1.25,
24-07,  4,    46.23,    83.90,     0.23,    40.92,   108.20,    15.25,     1.60,
24-07,  3,    57.17,    98.43,     0.26,    44.24,    24.65,     9.95,     1.56,
24-07,  2,    54.75,    93.82,     0.25,    32.16,    23.85,    11.55,     1.39,
24-07,  1,    48.39,    84.76,     0.29,    39.45,    17.20,     8.50,     1.18,
24-07,  0,    44.62,    78.90,     0.31,    38.48,    27.70,    12.80,     0.89,
23-07, 23,    63.88,   101.70,     0.26,    26.82,    31.65,    14.65,     1.24,
23-07, 22,    43.85,    83.15,     0.31,    53.28,    29.75,     9.20,     1.11,
23-07, 21,    42.05,    73.14,     0.46,    50.19,    40.10,    12.15,     1.04,
23-07, 20,    47.80,    70.41,     0.36,    53.65,    33.25,    11.45,     0.91,
23-07, 19,    45.52,    70.44,     0.34,    57.70,    35.35,    11.80,     1.14,
23-07, 18,    32.05,    53.97,     0.25,    75.01,    34.20,    11.20,     0.98,
23-07, 17,    38.47,    63.30,     0.30,    70.12,    27.00,    10.60,     1.25,
23-07, 16,    40.29,    68.26,     0.31,    72.81,    22.30,     9.35,     1.35,
23-07, 15,    36.42,    55.92,     0.30,    78.26,    28.30,    10.65,     1.36,
23-07, 14,    40.69,    68.41,     0.29,    73.24,    34.15,    11.55,     1.25,
23-07, 13,    53.64,    97.45,     0.33,    62.10,    39.80,    13.80,     2.02,
23-07, 12,    48.74,   102.70,     0.34,    54.58,    33.25,    13.30,     2.39,
23-07, 11,    78.61,   187.19,     0.50,    32.50,    40.65,    13.15,     3.78,
23-07, 10,    89.71,   223.49,     0.45,    17.37,    32.25,    14.95,     4.98,
23-07,  9,    71.99,   195.52,     0.37,    18.13,    35.95,    14.20,     4.27,
23-07,  8,    40.18,    83.05,     0.31,    37.10,    26.40,    10.85,     2.04,
23-07,  7,    30.99,    57.36,     0.28,    43.77,    28.95,    14.55,     1.31,
23-07,  6,    40.64,    75.82,     0.23,    38.52,    32.00,    11.15,     1.59,
23-07,  5,    34.54,    57.42,     0.24,    43.26,    25.30,     9.80,     1.36,
23-07,  4,    47.48,    85.74,     0.27,    32.64,    31.40,    10.55,     0.99,
23-07,  3,    63.12,   115.41,     0.34,    10.82,    32.50,    13.70,     1.86,
23-07,  2,    64.38,   133.46,     0.46,     8.20,    35.65,    15.35,     2.23,
23-07,  1,    69.45,   145.91,     0.45,     9.33,    35.20,    16.10,     2.50,
23-07,  0,    82.33,   176.51,     0.82,     5.30,    46.20,    19.20,     2.81,
22-07, 23,    90.47,   209.32,     0.93,     2.96,    63.80,    22.00,     3.44,
22-07, 22,    91.17,   218.14,     0.86,    14.16,    74.05,    18.15,     3.96,
22-07, 21,    79.43,   182.44,     0.80,    19.10,    35.30,    12.90,     3.35,
22-07, 20,    85.21,   180.06,     0.86,    20.87,    39.50,    14.25,     3.17,
22-07, 19,    64.58,   119.64,     0.52,    39.55,    37.50,    15.05,     2.47,
22-07, 18,    62.25,    99.28,     0.42,    59.28,    33.85,    12.85,     2.00,
22-07, 17,    62.56,   110.01,     0.37,    58.88,    32.70,    12.35,     1.93,
22-07, 16,    63.60,   116.42,     0.36,    59.49,    29.35,    10.65,     2.10,
22-07, 15,    65.13,   133.41,     0.41,    55.75,    41.00,    12.35,     2.77,
22-07, 14,    66.65,   129.16,     0.38,    55.97,    31.90,    10.85,     2.29,
22-07, 13,    75.07,   141.38,     0.33,    51.43,    33.50,     9.75,     2.78,
22-07, 12,    71.57,   141.76,     0.36,    52.30,    37.55,    11.20,     2.60,
22-07, 11,    60.35,   111.26,     0.23,    52.47,    38.65,    10.15,     2.03,
22-07, 10,    62.43,   149.84,     0.28,    40.92,    51.30,    11.65,     3.17,
22-07,  9,    64.08,   151.05,     0.33,    36.36,    34.55,    10.80,     3.15,
22-07,  8,    67.90,   192.61,     0.37,    25.18,    45.80,    10.70,     3.81,
22-07,  7,    99.58,   271.48,     0.43,    12.00,    58.20,    13.20,     4.93,
22-07,  6,   104.02,   292.34,     0.44,     9.52,    64.60,    15.65,     4.96,
22-07,  5,    83.89,   257.08,     0.38,     8.44,    59.70,    15.55,     5.15,
22-07,  4,    53.09,   126.84,     0.24,    15.60,    24.35,     8.45,     2.24,
22-07,  3,    43.21,    71.02,     0.18,    18.12,    22.20,     8.95,     1.11,
22-07,  2,    37.92,    63.16,     0.19,    28.14,    19.65,     8.20,     1.33,
22-07,  1,    48.39,    76.57,     0.23,    21.48,    15.45,     9.45,     2.67,
22-07,  0,    51.88,    85.30,     0.25,    20.00,    21.10,     9.15,     1.09,
21-07, 23,    57.66,   101.12,     0.26,    19.48,    23.65,     9.90,     1.53,
21-07, 22,    66.94,   141.25,     0.55,    17.78,    28.75,    10.00,     2.66,
21-07, 21,    47.65,    83.89,     0.41,    36.13,    21.45,     9.60,     1.43,
21-07, 20,    43.47,    67.51,     0.31,    46.47,    27.85,    10.90,     0.97,
21-07, 19,    40.66,    72.34,     0.35,    48.82,    26.70,    10.55,     1.28,
21-07, 18,    44.02,    76.66,     0.35,    51.72,    23.15,     9.80,     1.51,
21-07, 17,    40.22,    72.46,     0.26,    55.38,    24.50,    10.45,     1.43,
21-07, 16,    31.88,    61.74,     0.26,    57.89,    21.70,     9.45,     1.21,
21-07, 15,    31.77,    62.61,     0.27,    58.07,    25.95,     9.95,     1.25,
21-07, 14,    42.01,    85.65,     0.31,    55.97,    31.10,    11.45,     1.63,
21-07, 13,    59.70,   140.59,     0.38,    44.41,    45.40,    20.15,     2.46,
21-07, 12,    55.71,   138.09,     0.38,    40.82,    44.45,    12.10,     2.94,
21-07, 11,    44.69,    99.86,     0.29,    40.32,    28.35,    11.80,     2.03,
21-07, 10,    39.26,    88.34,     0.24,    45.18,    30.95,     7.75,     1.56,
21-07,  9,    33.24,   151.70,     0.25,    34.93,    43.70,    10.70,     2.91,
21-07,  8,    62.01,   173.88,     0.40,    20.98,    47.30,    11.30,     2.87,
21-07,  7,    64.70,   184.62,     0.34,    17.74,    36.50,     8.90,     2.94,
21-07,  6,    80.33,   209.86,     0.44,    15.14,    32.15,     8.65,     3.10,
21-07,  5,    50.03,   130.95,     0.33,    15.32,    28.85,     9.35,     2.07,
21-07,  4,    32.95,    59.60,     0.20,    22.47,    20.90,     8.35,     0.70,
21-07,  3,    30.45,    48.18,     0.17,    21.82,    12.30,     7.05,     0.55,
21-07,  2,    29.69,    40.37,     0.17,    23.12,    14.45,     7.75,     0.30,
21-07,  1,    32.56,    45.51,     0.18,    23.01,    11.20,     7.30,     0.31,
21-07,  0,    40.34,    62.41,     0.26,    25.40,    17.50,     8.45,     0.70,
20-07, 23,    43.72,    70.42,     0.23,    28.18,    15.60,     7.45,     0.70,
20-07, 22,    47.07,    83.09,     0.37,    26.66,    22.85,    10.35,     0.87,
20-07, 21,    36.38,    56.60,     0.27,    31.96,    15.90,     9.40,     0.65,
20-07, 20,    31.63,    50.16,     0.23,    34.59,    13.80,    37.50,     0.50,
20-07, 19,    30.35,    50.69,     0.26,    46.62,    17.05,    13.70,     0.43,
20-07, 18,    36.45,    75.82,     0.35,    48.21,    31.05,     9.85,     1.08,
20-07, 17,    32.67,    61.70,     0.33,    50.65,    23.05,     2.45,     0.81,
20-07, 16,    35.95,    73.24,     0.32,    49.75,    26.90,     9.45,     0.98,
20-07, 15,    32.17,    67.74,     0.32,    48.83,    25.90,    13.20,     1.04,
20-07, 14,    34.59,    84.44,     0.31,    39.98,    31.30,    11.30,     1.19,
20-07, 13,    42.84,    98.20,     0.37,    35.78,    31.10,    11.85,     1.58,
20-07, 12,    65.58,   140.76,     0.35,    30.41,    42.05,    12.60,     1.87,
20-07, 11,    50.38,   115.93,     0.38,    28.73,    39.05,    12.20,     1.89,
20-07, 10,    42.67,   103.10,     0.28,    29.04,    36.25,    10.95,     1.43,
20-07,  9,    39.15,   113.24,     0.26,    24.24,    37.35,    11.45,     1.79,
20-07,  8,    44.27,   122.19,     0.30,    19.05,    41.70,    12.90,     1.95,
20-07,  7,    62.59,   221.48,     0.40,     7.37,    63.75,    17.70,     4.50,
20-07,  6,    68.34,   224.16,     0.36,     7.50,    57.40,    16.70,     3.96,
20-07,  5,    63.30,   251.26,     0.50,     3.28,    63.50,    19.50,     4.74,
20-07,  4,    48.36,   112.39,     0.27,    12.61,    44.70,    13.25,     1.82,
20-07,  3,    26.51,    49.51,     0.22,    24.45,    21.55,     8.75,     0.80,
20-07,  2,    27.61,    40.04,     0.19,    27.96,    18.95,     8.30,     0.43,
20-07,  1,    31.42,    45.22,     0.19,    27.43,    16.25,     8.25,     0.44,
20-07,  0,    31.36,    50.92,     0.29,    33.84,    15.95,     7.50,     0.67,
19-07, 23,    51.40,    95.00,     0.37,    20.25,    22.10,    10.45,     1.22,
19-07, 22,    57.44,   115.21,     0.40,    16.63,    29.15,    12.20,     1.75,
19-07, 21,    47.05,    91.40,     0.33,    25.88,    25.05,    10.00,     1.19,
19-07, 20,    67.14,   149.92,     0.61,    18.47,    26.75,    10.80,     2.54,
19-07, 19,    65.62,   156.43,     0.49,    24.64,    27.05,    10.05,     2.73,
19-07, 18,    70.38,   154.78,     0.51,    25.02,    28.50,    13.15,     2.54,
19-07, 17,    73.28,   144.64,     0.48,    31.25,    35.50,    13.75,     2.24,
19-07, 16,    76.77,   177.99,     0.56,    30.30,    30.65,    10.80,     2.93,
19-07, 15,    78.58,   197.07,     0.60,    28.28,    33.80,    14.00,     3.51,
19-07, 14,    64.21,   178.89,     0.51,    31.62,    40.55,    13.35,     3.29,
19-07, 13,    44.48,   101.60,     0.29,    45.24,    31.05,     9.35,     2.06,
19-07, 12,    48.96,   139.69,     0.25,    39.87,    26.30,     9.05,     2.78,
19-07, 11,    45.73,   123.09,     0.26,    38.31,    29.40,     9.25,     2.44,
19-07, 10,    50.01,   148.56,     0.30,    31.46,    29.10,     9.90,     2.87,
19-07,  9,    45.18,   127.45,     0.22,    28.59,    11.95,     4.30,     2.27,
19-07,  8,    50.69,   136.26,     0.22,    26.13,    30.95,     8.60,     2.46,
19-07,  7,    43.74,   110.29,     0.26,    26.78,    26.35,     8.35,     2.16,
19-07,  6,    44.80,   127.15,     0.30,    20.52,    34.00,    11.00,     2.17,
19-07,  5,    47.59,   153.90,     0.27,    12.74,    33.85,    11.20,     2.94,
19-07,  4,    22.84,    53.69,     0.18,    22.26,    20.50,     8.25,     1.14,
19-07,  3,    15.42,    27.51,     0.17,    30.59,    14.60,     7.10,     0.54,
19-07,  2,     9.59,    16.35,     0.22,    37.15,    10.75,     6.15,     0.55,
19-07,  1,    12.42,    23.27,     0.14,    39.92,     9.30,     5.80,     0.60,
19-07,  0,    14.64,    26.02,     0.19,    41.16,     9.30,     5.70,     0.67,
18-07, 23,    18.33,    37.74,     0.18,    39.06,     8.50,     5.50,     0.74,
18-07, 22,    20.20,    41.22,     0.22,    37.86,     8.05,     5.95,     0.89,
18-07, 21,    27.19,    60.53,     0.27,    29.32,    11.90,     7.70,     1.15,
18-07, 20,    23.65,    59.57,     0.25,    30.45,     9.70,     8.50,     1.12,
18-07, 19,    30.31,    63.51,     0.23,    30.77,    13.70,     9.90,     1.08,
18-07, 18,    27.89,    54.00,     0.22,    34.24,    21.40,     8.85,     0.77,
18-07, 17,    27.28,    58.51,     0.24,    39.17,    31.95,    12.10,     1.06,
18-07, 16,    26.05,    55.13,     0.22,    40.80,    24.15,     8.30,     1.06,
18-07, 15,    31.52,    73.11,     0.26,    39.50,    33.00,    12.95,     1.51,
18-07, 14,    30.63,    82.04,     0.26,    43.09,    35.55,     9.30,     1.58,
18-07, 13,    32.96,    86.23,     0.26,    37.22,    28.05,     8.15,     1.76,
18-07, 12,    35.49,    95.70,     0.23,    36.56,    28.70,     8.50,     1.90,
18-07, 11,    32.82,    83.97,     0.20,    38.31,    30.20,     8.75,     1.68,
18-07, 10,    36.67,    90.41,     0.21,    38.76,    31.40,     8.45,     1.79,
18-07,  9,    45.07,   133.23,     0.22,    33.33,    29.25,     9.40,     2.60,
18-07,  8,    38.95,   101.60,     0.25,    30.57,    29.30,     7.50,     1.95,
18-07,  7,    48.95,   132.28,     0.27,    22.39,    20.00,     8.05,     2.37,
18-07,  6,    52.64,   135.68,     0.30,    15.12,    30.65,     9.40,     2.44,
18-07,  5,    56.76,   199.10,     0.33,    13.39,    32.90,    20.35,     3.86,
18-07,  4,    22.28,    52.25,     0.21,    26.43,    13.40,     6.95,     1.16,
18-07,  3,    12.97,    25.21,     0.16,    35.58,    10.95,     4.50,     0.45,
18-07,  2,     7.21,    10.04,     0.14,    43.74,     7.65,     4.25,     0.30,
18-07,  1,     6.51,     9.24,     0.13,    44.02,     8.35,     4.35,     0.28,
18-07,  0,    12.02,    20.39,     0.19,    42.49,     8.95,     4.95,     0.37,
17-07, 23,    13.19,    22.47,     0.16,    45.16,     9.35,     5.35,     0.27,
17-07, 22,    18.24,    36.27,     0.26,    42.66,    13.05,     6.25,     0.40,
17-07, 21,    18.64,    35.84,     0.23,    44.46,    16.00,     6.90,     0.54,
17-07, 20,    22.06,    46.91,     0.23,    47.54,    15.70,     7.60,     0.77,
17-07, 19,    21.85,    50.20,     0.25,    48.87,    15.95,     6.90,     0.82,
17-07, 18,    19.71,    39.58,     0.21,    52.17,    21.40,     8.10,     0.50,
17-07, 17,    26.03,    53.38,     0.30,    49.68,    24.95,     9.90,     0.68,
17-07, 16,    23.61,    49.78,     0.25,    51.32,    23.30,     8.20,     0.61,
17-07, 15,    20.62,    42.18,     0.21,    56.93,    29.15,     8.15,     0.70,
17-07, 14,    20.06,    39.07,     0.19,    59.18,    21.60,     6.15,     0.55,
17-07, 13,    24.52,    55.21,     0.23,    53.72,    22.90,     8.00,     0.84,
17-07, 12,    29.62,    66.99,     0.20,    51.82,    28.25,     9.20,     1.07,
17-07, 11,    28.45,    59.30,     0.22,    52.34,    24.60,     8.25,     0.92,
17-07, 10,    21.49,    50.65,     0.18,    53.44,    24.75,     7.35,     0.75,
17-07,  9,    18.75,    39.80,     0.20,    52.00,    21.10,     7.40,     0.48,
17-07,  8,    13.24,    26.24,     0.14,    56.19,    17.50,     6.30,     0.26,
17-07,  7,     9.56,    18.98,     0.13,    54.16,    18.85,     6.75,     0.09,
17-07,  6,    13.70,    27.37,     0.13,    45.22,    19.10,     6.65,     0.30,
17-07,  5,    24.63,    48.00,     0.15,    30.86,    27.15,     7.70,     0.57,
17-07,  4,    19.88,    39.65,     0.27,    37.79,    20.45,     6.45,     0.81,
17-07,  3,    14.51,    27.20,     0.16,    46.83,    16.90,     5.80,     1.11,
17-07,  2,    12.61,    24.01,     0.15,    48.84,    15.00,     5.30,     0.26,
17-07,  1,    20.60,    46.83,     0.21,    40.69,    18.00,     6.90,     0.54,
17-07,  0,    22.43,    48.15,     0.31,    40.97,    17.95,     6.65,     0.72,
16-07, 23,    23.38,    55.01,     0.23,    39.52,    17.30,     8.40,     0.78,
16-07, 22,    37.84,    87.19,     0.38,    26.81,    25.35,     8.85,     1.31,
16-07, 21,    20.58,    38.47,     0.25,    40.72,     8.65,     5.75,     0.51,
16-07, 20,    28.67,    65.28,     0.32,    17.28,    19.20,    10.10,     0.88,
16-07, 19,    23.36,    51.60,     0.29,    22.24,    21.30,     9.95,     0.75,
16-07, 18,    29.46,    77.23,     0.36,    18.33,    23.05,    11.20,     1.16,
16-07, 17,    29.85,    76.35,     0.30,    17.93,    23.85,    10.75,     1.11,
16-07, 16,    31.29,    85.31,     0.41,    21.29,    29.00,    13.40,     1.51,
16-07, 15,    30.90,    77.15,     0.29,    25.95,    35.70,    16.40,     1.18,
16-07, 14,    32.40,    69.60,     0.30,    33.14,    29.90,    14.45,     0.95,
16-07, 13,    34.98,    71.06,     0.29,    38.95,    22.30,    12.25,     0.89,
16-07, 12,    35.58,    71.50,     0.27,    49.40,    29.30,    11.65,     1.08,
16-07, 11,    37.13,    68.11,     0.24,    53.80,    28.55,    10.65,     0.99,
16-07, 10,    34.86,    68.80,     0.27,    46.12,    28.30,    10.05,     1.31,
16-07,  9,    26.40,    52.54,     0.21,    55.15,    24.40,    11.30,     0.91,
16-07,  8,    26.15,    53.55,     0.19,    53.21,    21.55,     8.80,     0.94,
16-07,  7,    23.58,    42.06,     0.17,    46.08,    23.80,     8.05,     0.65,
16-07,  6,    20.68,    39.11,     0.17,    45.51,    24.85,     7.25,     0.72,
16-07,  5,    20.71,    43.20,     0.17,    38.26,    20.80,     6.45,     0.82,
16-07,  4,    21.30,    38.86,     0.16,    37.10,    20.35,     6.75,     0.65,
16-07,  3,    19.64,    40.12,     0.21,    41.45,    17.80,     6.85,     0.68,
16-07,  2,    19.36,    37.54,     0.17,    46.88,    19.80,     6.75,     0.55,
16-07,  1,    14.53,    25.68,     0.16,    55.12,    14.95,     5.40,     0.31,
16-07,  0,    17.71,    37.05,     0.17,    52.38,    15.15,     6.15,     0.31,
15-07, 23,    21.49,    45.70,     0.23,    47.87,    19.50,     6.90,     0.64,
15-07, 22,    18.44,    38.77,     0.24,    49.53,    19.50,     6.75,     0.50,
15-07, 21,    16.57,    32.21,     0.23,    53.42,    19.75,     7.15,     0.38,
15-07, 20,    17.05,    29.25,     0.18,    57.99,    19.75,     7.55,     0.20,
15-07, 19,    18.03,    38.78,     0.21,    53.87,    23.45,     8.40,     0.38,
15-07, 18,    27.02,    60.55,     0.23,    49.28,    28.10,    10.45,     0.78,
15-07, 17,    27.59,    53.49,     0.22,    50.91,    28.00,     9.85,     0.61,
15-07, 16,    26.29,    57.18,     0.23,    50.45,    29.30,     9.75,     0.64,
15-07, 15,    35.75,    82.90,     0.33,    45.53,    40.45,     9.90,     1.06,
15-07, 14,    31.86,    78.33,     0.28,    43.79,    33.75,    10.10,     1.18,
15-07, 13,    37.89,    87.18,     0.26,    42.47,    34.30,    11.70,     1.22,
15-07, 12,    28.87,    87.03,     0.27,    42.77,    38.70,    10.25,     1.43,
15-07, 11,    32.00,    88.95,     0.22,    41.69,    32.45,    10.45,     1.29,
15-07, 10,    35.42,    96.64,     0.26,    39.20,    34.65,    11.40,     1.46,
15-07,  9,    34.86,    80.33,     0.24,    40.98,    35.60,    11.10,     1.08,
15-07,  8,    36.42,    88.53,     0.24,    36.29,    31.60,    10.55,     1.22,
15-07,  7,    38.80,    90.82,     0.25,    30.27,    33.80,    10.45,     1.33,
15-07,  6,    59.09,   166.42,     0.30,    18.44,    40.15,    13.30,     2.19,
15-07,  5,    52.29,   141.39,     0.34,    17.00,    31.20,     9.25,     2.54,
15-07,  4,    28.14,    50.34,     0.21,    26.57,    17.45,     7.95,     0.87,
15-07,  3,    21.32,    33.52,     0.17,    32.44,    16.25,     8.10,     2.04,
15-07,  2,    17.69,    32.58,     0.27,    29.70,    19.80,     9.15,     0.28,
15-07,  1,    12.04,    20.02,     0.17,    35.93,    19.65,     8.15,     0.10,
15-07,  0,    19.90,    38.30,     0.23,    34.26,    19.40,     8.40,     0.31,
14-07, 23,    19.06,    31.78,     0.19,    37.41,    18.60,     8.70,     0.07,
14-07, 22,    27.53,    58.83,     0.30,    36.64,    19.70,     7.80,     0.50,
14-07, 21,    31.59,    62.11,     0.31,    37.55,    17.10,     7.35,     0.72,
14-07, 20,    32.18,    58.17,     0.31,    41.09,    19.95,     9.30,     0.60,
14-07, 19,    31.56,    62.28,     0.34,    39.14,    20.85,     8.45,     0.72,
14-07, 18,    29.86,    63.17,     0.29,    40.92,    25.70,     8.55,     0.84,
14-07, 17,    46.26,    97.99,     0.38,    31.54,    32.70,    10.70,     1.28,
14-07, 16,    44.49,    88.10,     0.35,    30.92,    31.50,     9.90,     1.25,
14-07, 15,    40.37,    77.08,     0.31,    36.64,    33.00,     9.60,     1.08,
14-07, 14,    49.02,   103.25,     0.31,    34.10,    36.60,     9.65,     1.73,
14-07, 13,    52.36,   124.60,     0.30,    32.69,    38.10,    10.60,     2.22,
14-07, 12,    51.04,   113.93,     0.26,    35.40,    34.15,     8.25,     2.09,
14-07, 11,    42.38,   111.64,     0.25,    33.80,    29.85,     8.40,     1.99,
14-07, 10,    46.51,   121.06,     0.24,    32.46,    31.45,     9.10,     2.22,
14-07,  9,    41.64,   110.46,     0.26,    33.29,    32.90,     8.50,     2.09,
14-07,  8,    29.54,    92.99,     0.23,    34.17,    29.20,     6.00,     1.93,
14-07,  7,    44.98,   132.03,     0.24,    24.32,    41.25,     8.75,     2.53,
14-07,  6,    65.15,   178.85,     0.31,    13.35,    41.50,    12.95,     3.14,
14-07,  5,    64.82,   190.90,     0.33,    12.86,    43.05,    11.00,     3.89,
14-07,  4,    50.23,   120.04,     0.27,    11.58,    53.90,    12.70,     2.00,
14-07,  3,    20.27,    35.46,     0.17,    34.88,    17.10,     4.15,     0.58,
14-07,  2,    12.36,    20.58,     0.14,    41.76,    12.60,     4.30,     0.38,
14-07,  1,     9.92,    15.26,     0.14,    48.18,    12.85,     5.15,     0.24,
14-07,  0,    11.09,    19.11,     0.14,    47.93,    13.15,     6.00,     0.35,
13-07, 23,    19.20,    31.47,     0.18,    45.82,    19.30,    13.65,     0.40,
13-07, 22,    35.67,    73.42,     0.30,    36.53,    29.75,     4.65,     1.07,
13-07, 21,    35.52,    67.66,     0.35,    42.07,    31.80,     8.35,     1.08,
13-07, 20,    35.65,    64.41,     0.34,    47.83,    21.10,     9.20,     0.88,
13-07, 19,    37.50,    76.73,     0.34,    49.57,    24.95,    10.35,     1.25,
13-07, 18,    31.83,    63.18,     0.29,    51.49,    25.55,    10.20,     0.48,
13-07, 17,    33.78,    67.62,     0.27,    53.11,    30.70,    10.70,     0.97,
13-07, 16,    35.96,    70.64,     0.29,    48.89,    26.50,     9.15,     1.02,
13-07, 15,    37.77,    85.63,     0.30,    48.09,    27.15,     7.60,     1.55,
13-07, 14,    50.88,   115.85,     0.29,    38.82,    34.40,    11.80,     2.10,
13-07, 13,    52.71,   126.00,     0.26,    42.44,    31.30,     7.10,     2.06,
13-07, 12,    51.00,   123.98,     0.26,    41.67,    27.60,     7.85,     2.43,
13-07, 11,    49.99,   119.61,     0.24,    40.22,    27.90,     9.15,     2.36,
13-07, 10,    53.16,   126.49,     0.30,    40.34,    30.20,     9.60,     2.40,
13-07,  9,    43.79,   105.82,     0.25,    41.04,    27.20,     7.90,     2.20,
13-07,  8,    32.82,    81.60,     0.22,    42.82,    25.40,     7.05,     1.33,
13-07,  7,    35.95,    87.72,     0.23,    39.01,    24.25,     7.35,     1.60,
13-07,  6,    44.05,   109.06,     0.26,    31.08,    35.25,     9.55,     1.77,
13-07,  5,    41.25,   105.52,     0.27,    24.68,    29.15,     9.00,     1.89,
13-07,  4,    35.46,    79.35,     0.27,    25.00,    19.95,     7.10,     1.25,
13-07,  3,    18.65,    32.01,     0.17,    36.03,    14.95,     6.00,     0.47,
13-07,  2,    10.55,    17.58,     0.15,    40.94,    12.05,     5.45,     0.16,
13-07,  1,    11.28,    20.57,     0.16,    39.72,    11.95,     6.05,     0.35,
13-07,  0,    17.88,    31.92,     0.17,    36.10,    12.80,     6.40,     0.01,
12-07, 23,    22.54,    43.95,     0.19,    35.59,    15.85,     6.15,     0.82,
12-07, 22,    31.05,    64.81,     0.23,    34.14,    17.05,     6.35,     1.04,
12-07, 21,    26.84,    57.33,     0.25,    38.67,    18.45,     9.20,     0.97,
12-07, 20,    28.14,    60.35,     0.24,    41.33,    23.00,    10.75,     1.15,
12-07, 19,    24.61,    54.15,     0.30,    45.39,    24.15,    10.35,     1.08,
12-07, 18,    29.86,    64.55,     0.28,    43.34,    23.20,    10.50,     1.16,
12-07, 17,    30.78,    62.43,     0.29,    46.87,    24.00,     9.60,     1.19,
12-07, 16,    29.74,    67.82,     0.28,    46.11,    24.70,     8.55,     1.25,
12-07, 15,    36.41,    87.50,     0.31,    40.10,    16.85,     7.10,     1.58,
12-07, 14,    44.36,   119.57,     0.39,    30.34,    39.40,    13.10,     2.17,
12-07, 13,    39.55,   100.76,     0.33,    34.08,    31.15,     9.35,     1.85,
12-07, 12,    46.14,   108.68,     0.30,    30.93,    28.35,    13.50,     1.89,
12-07, 11,    43.20,    97.58,     0.29,    35.89,    37.55,    12.60,     1.82,
12-07, 10,    35.31,    88.52,     0.25,    34.50,    28.00,    10.60,     1.70,
12-07,  9,    49.93,   127.40,     0.27,    27.96,    34.25,    11.10,     2.33,
12-07,  8,    39.87,   104.17,     0.25,    26.27,    35.10,    11.50,     2.07,
12-07,  7,    43.82,   118.90,     0.29,    23.47,    41.70,    10.55,     2.29,
12-07,  6,    49.29,   139.18,     0.29,    22.20,    25.00,    14.30,     2.73,
12-07,  5,    44.91,   101.65,     0.26,    23.02,    18.40,    10.95,     1.96,
12-07,  4,    23.77,    42.22,     0.19,    36.42,    20.05,     9.45,     0.89,
12-07,  3,    14.44,    22.74,     0.19,    41.66,    16.45,     7.85,     0.67,
12-07,  2,     8.61,    12.70,     0.15,    53.87,    13.90,     6.65,     0.57,
12-07,  1,     9.61,    13.73,     0.15,    55.15,    13.30,     6.60,     0.55,
12-07,  0,    12.07,    18.61,     0.17,    54.32,    14.15,     6.95,     0.57,
11-07, 23,    17.68,    26.13,     0.17,    49.79,    17.45,     7.45,     0.64,
11-07, 22,    22.27,    33.76,     0.25,    47.08,    18.05,     7.70,     0.61,
11-07, 21,    36.46,    58.19,     0.25,    43.91,    19.90,     8.95,     0.92,
11-07, 20,    35.22,    58.99,     0.20,    42.78,    20.20,     9.20,     0.92,
11-07, 19,    27.82,    49.55,     0.21,    44.56,    27.65,    10.15,     0.89,
11-07, 18,    28.06,    58.08,     0.22,    45.72,    32.15,    11.85,     1.18,
11-07, 17,    26.37,    54.68,     0.21,    53.29,    30.65,    12.30,     1.04,
11-07, 16,    25.29,    50.68,     0.24,    55.16,    31.55,    11.90,     0.89,
11-07, 15,    31.85,    75.10,     0.26,    53.45,    38.75,    13.05,     1.38,
11-07, 14,    38.63,    83.59,     0.31,    46.50,    37.15,    13.85,     1.43,
11-07, 13,    49.43,   109.64,     0.29,    42.16,    36.60,    14.50,     1.52,
11-07, 12,    36.46,    90.46,     0.23,    43.58,    34.15,    12.10,     1.60,
11-07, 11,    35.98,    84.35,     0.25,    43.46,    35.35,    11.50,     1.49,
11-07, 10,    37.64,    87.72,     0.23,    38.30,    27.60,    10.95,     1.53,
11-07,  9,    36.72,   102.47,     0.23,    31.43,    28.80,    10.75,     1.65,
11-07,  8,    33.51,    85.55,     0.25,    27.30,    26.10,     9.95,     1.48,
11-07,  7,    50.37,   131.64,     0.35,    21.72,    33.15,    10.45,     2.09,
11-07,  6,    46.05,   115.24,     0.30,    17.41,    19.65,    12.25,     2.00,
11-07,  5,    48.50,   109.64,     0.31,    15.00,    15.45,    10.20,     2.10,
11-07,  4,    31.95,    42.87,     0.18,    43.04,    10.55,     7.00,     0.60,
11-07,  3,    19.23,    27.35,     0.19,    40.59,     6.75,     6.05,     0.44,
11-07,  2,    24.33,    31.74,     0.19,    27.22,     6.35,     4.95,     0.41,
11-07,  1,    29.50,    52.36,     0.23,    13.39,    10.10,     7.45,     0.80,
11-07,  0,    43.88,    87.93,     0.24,     7.80,    12.70,     8.35,     1.25,
10-07, 23,    41.00,    80.37,     0.30,    10.68,    18.05,    11.70,     1.21,
10-07, 22,    48.09,    87.80,     0.40,     9.84,    17.55,    12.10,     1.08,
10-07, 21,    52.48,   113.83,     0.48,     6.52,    18.20,     9.45,     1.55,
10-07, 20,    50.57,   109.23,     0.39,    12.72,    18.20,    12.95,     1.55,
10-07, 19,    46.82,   103.27,     0.37,    13.56,    27.05,    13.00,     1.38,
10-07, 18,    31.33,    70.58,     0.31,    26.13,    22.15,    10.20,     1.02,
10-07, 17,    28.75,    69.62,     0.34,    28.84,    22.45,    11.55,     1.02,
10-07, 16,    27.47,    73.50,     0.35,    27.42,    29.45,    12.35,     1.02,
10-07, 15,    26.37,    71.55,     0.34,    26.34,    21.20,    10.55,     1.11,
10-07, 14,    28.23,    86.78,     0.38,    21.42,    23.35,    13.25,     1.49,
10-07, 13,    30.52,    81.97,     0.37,    18.36,    22.55,    13.85,     1.31,
10-07, 12,    29.01,    81.03,     0.31,    16.67,    16.70,    12.55,     1.14,
10-07, 11,    28.50,    82.55,     0.33,    14.66,    17.80,    12.35,     1.31,
10-07, 10,    37.03,    98.27,     0.36,    13.20,    23.10,    15.80,     1.63,
10-07,  9,    36.27,    84.99,     0.35,    16.29,    20.25,    13.90,     1.36,
10-07,  8,    26.21,    49.38,     0.25,    25.72,    16.20,    11.95,     0.60,
10-07,  7,    18.23,    29.64,     0.22,    36.42,    10.45,     6.30,     0.31,
10-07,  6,    11.46,    16.75,     0.21,    46.54,    11.30,     5.95,     0.21,
10-07,  5,    18.41,    24.99,     0.18,    42.01,    16.95,     7.25,     0.37,
10-07,  4,    12.88,    17.50,     0.16,    53.80,    14.85,     5.80,     0.23,
10-07,  3,    24.37,    38.77,     0.21,    38.85,    16.60,     7.30,     0.47,
10-07,  2,    26.07,    56.78,     0.25,    33.36,    19.50,     7.45,     0.80,
10-07,  1,    18.14,    43.83,     0.29,    37.44,    16.65,     7.10,     0.53,
10-07,  0,    24.90,    53.59,     0.23,    37.79,    19.05,     7.50,     0.84,
09-07, 23,    27.60,    56.81,     0.35,    32.53,    22.00,     9.95,     0.87,
09-07, 22,    29.72,    66.66,     0.31,    32.60,    22.30,     8.50,     0.88,
09-07, 21,    38.58,    85.11,     0.35,    30.10,    27.20,    10.90,     1.26,
09-07, 20,    25.16,    48.74,     0.27,    43.49,    21.25,     9.65,     0.85,
09-07, 19,    21.07,    46.26,     0.23,    47.41,    30.30,     8.55,     0.78,
09-07, 18,    17.00,    43.02,     0.24,    48.15,    24.00,     7.95,     0.80,
09-07, 17,    14.71,    33.36,     0.21,    53.30,    21.45,     7.40,     0.57,
09-07, 16,    20.60,    46.92,     0.24,    52.04,    21.15,     6.75,     0.80,
09-07, 15,    20.38,    48.98,     0.19,    52.85,    19.25,     6.10,     0.97,
09-07, 14,    21.00,    45.26,     0.23,    54.29,    21.90,     6.55,     0.80,
09-07, 13,    21.66,    49.28,     0.22,    56.79,    16.15,     6.35,     0.78,
09-07, 12,    29.88,    68.98,     0.26,    52.50,    26.50,     6.25,     1.11,
09-07, 11,    27.50,    64.38,     0.28,    51.22,    15.85,     6.00,     1.12,
09-07, 10,    26.61,    62.04,     0.25,    46.90,    15.25,     6.75,     0.98,
09-07,  9,    24.49,    55.36,     0.23,    43.82,    16.00,     6.45,     0.89,
09-07,  8,    17.92,    39.29,     0.19,    45.86,    11.95,     7.05,     0.68,
09-07,  7,    25.23,    45.22,     0.19,    41.22,    12.75,     8.45,     0.65,
09-07,  6,    35.74,    70.39,     0.24,    33.40,    15.55,     8.65,     1.19,
09-07,  5,    26.65,    50.69,     0.21,    39.74,    12.45,     7.85,     0.77,
09-07,  4,    25.79,    46.88,     0.21,    44.72,    12.35,     7.50,     0.80,
09-07,  3,    31.01,    60.57,     0.19,    47.94,     8.95,     5.95,     1.05,
09-07,  2,    18.32,    29.88,     0.21,    63.33,     7.65,     5.15,     0.57,
09-07,  1,    28.21,    59.23,     0.25,    47.81,    14.35,     8.85,     0.99,
09-07,  0,    42.97,    85.95,     0.25,    41.13,    14.80,    10.45,     1.33,
08-07, 23,    69.37,   141.07,     0.45,    32.19,    16.75,    11.05,     1.96,
08-07, 22,    72.75,   142.09,     0.48,    31.04,    15.70,    10.50,     2.19,
08-07, 21,    62.02,   105.04,     0.37,    40.08,    16.10,    11.75,     1.35,
08-07, 20,    50.87,    88.76,     0.40,    48.39,    20.50,    15.05,     1.04,
08-07, 19,    64.65,   114.05,     0.52,    45.24,    25.10,    17.50,     1.38,
08-07, 18,    50.95,    80.71,     0.38,    61.35,    28.75,    17.50,     1.07,
08-07, 17,    52.09,    86.58,     0.34,    61.97,    29.80,    14.50,     1.16,
08-07, 16,    44.41,    76.37,     0.30,    70.91,    29.50,    11.90,     1.25,
08-07, 15,    47.54,    87.08,     0.33,    72.75,    32.45,    13.20,     1.52,
08-07, 14,    49.10,    87.09,     0.35,    73.66,    36.80,    14.00,     1.51,
08-07, 13,    47.44,    97.16,     0.33,    55.20,    35.95,    11.35,     1.59,
08-07, 12,    58.41,   114.78,     0.33,    48.93,    41.55,    11.25,     1.87,
08-07, 11,    68.70,   137.08,     0.32,    40.75,    32.25,    11.50,     2.23,
08-07, 10,    47.63,    95.08,     0.27,    49.26,    29.40,    11.90,     1.49,
08-07,  9,    46.90,   106.06,     0.27,    41.16,    33.65,    11.20,     1.82,
08-07,  8,    51.69,   124.56,     0.30,    35.36,    40.00,    12.80,     1.99,
08-07,  7,    51.57,   116.27,     0.27,    33.92,    38.65,    12.75,     1.86,
08-07,  6,    55.76,   130.53,     0.27,    29.34,    36.95,    11.90,     2.10,
08-07,  5,    61.74,   142.88,     0.31,    26.78,    38.95,    11.65,     2.41,
08-07,  4,    36.83,    57.97,     0.22,    42.83,    28.20,    10.10,     0.68,
08-07,  3,    26.06,    37.42,     0.21,    52.85,    21.45,     8.25,     0.51,
08-07,  2,    20.32,    31.62,     0.19,    58.98,    19.40,     6.95,     1.19,
08-07,  1,    17.36,    28.82,     0.22,    59.45,    17.45,     7.60,     0.31,
08-07,  0,    33.82,    61.48,     0.24,    54.70,    23.00,     9.40,     0.60,
07-07, 23,    42.25,    75.72,     0.26,    49.67,    26.85,     9.70,     0.89,
07-07, 22,    40.97,    79.10,     0.30,    47.96,    24.00,     9.50,     0.92,
07-07, 21,    39.50,    72.99,     0.33,    44.07,    27.50,    11.35,     1.11,
07-07, 20,    38.00,    68.09,     0.34,    41.28,    30.25,    11.95,     0.75,
07-07, 19,    42.62,    84.38,     0.34,    41.94,    32.25,    12.00,     1.05,
07-07, 18,    31.56,    62.57,     0.28,    48.98,    26.60,     9.85,     0.81,
07-07, 17,    43.67,    94.33,     0.30,    46.37,    32.75,    10.25,     1.26,
07-07, 16,    33.06,    71.21,     0.31,    47.75,    30.90,     8.55,     1.07,
07-07, 15,    31.00,    77.80,     0.29,    45.55,    34.20,     7.85,     1.18,
07-07, 14,    32.98,    77.32,     0.27,    47.08,    27.35,     7.75,     1.16,
07-07, 13,    30.02,    72.47,     0.21,    48.48,    24.90,     7.05,     1.02,
07-07, 12,    43.66,   114.52,     0.25,    41.02,    32.45,     8.20,     1.87,
07-07, 11,    39.56,   106.22,     0.25,    42.62,    30.85,     9.65,     1.93,
07-07, 10,    35.61,    92.70,     0.25,    42.02,    23.70,     8.00,     1.62,
07-07,  9,    35.17,    85.00,     0.23,    41.03,    23.90,     7.75,     1.38,
07-07,  8,    27.91,    66.31,     0.19,    44.17,    25.65,     7.50,     1.24,
07-07,  7,    30.47,    71.75,     0.19,    40.00,    23.20,     6.45,     1.14,
07-07,  6,    37.83,    86.17,     0.21,    36.76,    25.35,     7.10,     1.24,
07-07,  5,    35.75,    82.43,     0.19,    36.84,    25.15,     5.70,     1.39,
07-07,  4,    19.14,    36.62,     0.14,    46.08,    16.55,     4.40,     0.48,
07-07,  3,    10.71,    19.08,     0.13,    53.11,    12.85,     3.40,     0.23,
07-07,  2,     7.76,    11.85,     0.11,    57.74,    11.95,     3.10,     0.26,
07-07,  1,     7.69,    11.81,     0.11,    59.30,    13.05,     2.65,     0.14,
07-07,  0,     8.66,    16.33,     0.13,    57.85,    14.95,     3.65,     0.23,
06-07, 23,    15.64,    25.71,     0.18,    52.68,    17.35,     4.10,     0.28,
06-07, 22,    17.04,    33.40,     0.24,    52.01,    18.10,     4.40,     0.41,
06-07, 21,    17.47,    34.86,     0.23,    51.31,    18.95,     5.65,     0.40,
06-07, 20,    16.01,    35.80,     0.23,    50.63,    22.15,     5.85,     0.60,
06-07, 19,    17.90,    34.39,     0.19,    53.00,    25.20,     5.65,     0.50,
06-07, 18,    21.72,    42.99,     0.21,    51.66,    28.00,     7.10,     0.67,
06-07, 17,    34.69,    72.14,     0.29,    42.63,    32.45,     7.15,     1.16,
06-07, 16,    31.41,    77.15,     0.30,    43.31,    31.40,     6.50,     1.41,
06-07, 15,    30.80,    74.70,     0.28,    40.97,    48.05,     5.90,     1.28,
06-07, 14,    39.94,    92.32,     0.31,    33.07,    24.35,     3.80,     1.43,
06-07, 13,    41.18,    95.36,     0.29,    34.29,    22.25,     0.00,     1.45,
06-07, 12,    52.58,   119.90,     0.26,    36.11,    32.65,     3.80,     1.82,
06-07, 11,    63.88,   150.32,     0.31,    36.31,    26.15,    10.35,     2.31,
06-07, 10,    57.69,   162.78,     0.32,    32.89,    15.00,    10.05,     2.71,
06-07,  9,    71.48,   165.29,     0.27,    27.76,    14.40,     8.20,     2.67,
06-07,  8,    58.10,   159.15,     0.27,    29.79,    17.05,    10.10,     2.57,
06-07,  7,    55.65,   159.57,     0.31,    22.59,    18.80,    10.15,     3.17,
06-07,  6,    54.80,   137.09,     0.32,    21.76,    18.45,     9.60,     2.41,
06-07,  5,    30.86,    69.38,     0.19,    47.80,    12.25,     5.90,     1.28,
06-07,  4,    16.51,    31.77,     0.14,    62.21,     6.85,     5.70,     0.64,
06-07,  3,     9.27,    15.64,     0.13,    62.30,     5.05,     3.40,     0.45,
06-07,  2,     6.66,     9.07,     0.13,    75.98,     5.75,     3.90,     0.34,
06-07,  1,     6.84,     9.38,     0.13,    66.69,     2.45,     2.80,     0.31,
06-07,  0,    12.06,    19.63,     0.17,    56.36,     6.95,     5.90,     0.41,
05-07, 23,    17.67,    32.06,     0.18,    37.27,     6.20,     3.85,     0.57,
05-07, 22,    37.59,    74.07,     0.29,    22.62,    10.40,     6.65,     1.08,
05-07, 21,    26.69,    39.01,     0.21,    41.19,     9.90,     6.30,     0.48,
05-07, 20,    30.52,    48.02,     0.23,    45.53,    10.25,     7.05,     0.64,
05-07, 19,    35.86,    73.31,     0.32,    41.34,    17.90,     9.10,     1.11,
05-07, 18,    47.97,    95.43,     0.40,    41.91,    15.95,     9.10,     1.46,
05-07, 17,    63.01,   112.64,     0.37,    48.02,    17.00,    15.00,     1.35,
05-07, 16,   113.74,   271.04,     0.70,    22.74,    28.70,    13.35,     3.76,
05-07, 15,    85.93,   268.83,     0.68,    13.37,    30.10,    18.30,     4.71,
05-07, 14,    95.30,   214.65,     0.62,    31.22,    33.95,    16.30,     3.15,
05-07, 13,    76.30,   174.00,     0.41,    35.34,    39.70,    14.05,     2.68,
05-07, 12,    96.67,   257.78,     0.54,    29.84,    45.45,    14.55,     4.63,
05-07, 11,   117.71,   339.06,     0.52,    19.10,    45.50,    23.15,     6.11,
05-07, 10,    90.79,   277.16,     0.41,    18.78,    42.50,    11.65,     4.88,
05-07,  9,   107.30,   288.87,     0.41,    20.94,    43.30,    17.80,     5.13,
05-07,  8,    92.97,   345.92,     0.55,    13.15,    44.45,     6.15,     7.07,
05-07,  7,    57.51,   212.82,     0.36,    19.67,    38.15,    10.35,     4.08,
05-07,  6,    69.98,   242.45,     0.42,    12.90,    46.65,    11.00,     5.01,
05-07,  5,    82.14,   290.80,     0.53,     8.20,    52.90,    12.30,     5.96,
05-07,  4,    62.66,   123.75,     0.25,     8.97,    31.60,     9.35,     1.73,
05-07,  3,    41.99,    65.06,     0.24,    17.69,    15.35,     5.85,     0.55,
05-07,  2,    23.52,    37.82,     0.17,    33.84,    14.45,     5.15,     0.33,
05-07,  1,    23.24,    37.15,     0.20,    36.67,    14.55,     5.35,     0.33,
05-07,  0,    27.76,    47.36,     0.22,    33.93,    15.45,     6.20,     0.45,
04-07, 23,    33.47,    64.73,     0.25,    34.56,    18.75,    12.65,     0.74,
04-07, 22,    31.31,    58.88,     0.28,    38.67,    17.10,     6.00,     0.72,
04-07, 21,    38.67,    89.53,     0.36,    34.59,    20.95,     6.35,     1.38,
04-07, 20,    25.26,    50.55,     0.25,    49.02,    24.35,    10.40,     0.55,
04-07, 19,    34.48,    75.90,     0.27,    44.97,    21.25,     5.50,     1.15,
04-07, 18,    28.09,    62.94,     0.23,    50.88,    24.05,    12.55,     0.98,
04-07, 17,    33.94,    84.73,     0.27,    48.24,    22.85,    13.90,     1.41,
04-07, 16,    39.41,    96.33,     0.29,    47.01,    26.25,    17.40,     1.51,
04-07, 15,    27.88,    68.83,     0.23,    49.70,    23.65,     2.45,     1.09,
04-07, 14,    28.68,    78.10,     0.25,    46.59,    26.25,     5.50,     1.29,
04-07, 13,    31.67,    81.99,     0.27,    46.78,    29.45,     8.70,     1.38,
04-07, 12,    34.73,   105.02,     0.30,    42.40,    27.60,    13.50,     1.83,
04-07, 11,    44.34,   120.61,     0.25,    40.53,    23.05,     6.80,     2.10,
04-07, 10,    47.47,   126.50,     0.22,    39.51,    23.60,     6.50,     2.22,
04-07,  9,    37.55,   110.66,     0.22,    39.57,    23.45,    18.60,     2.10,
04-07,  8,    37.21,   102.04,     0.25,    37.98,    27.65,    10.00,     1.95,
04-07,  7,    46.89,   122.57,     0.26,    28.21,    28.15,     7.75,     2.12,
04-07,  6,    60.48,   168.19,     0.30,    14.88,    34.10,    10.95,     2.97,
04-07,  5,    55.22,   149.54,     0.26,    16.43,    28.35,    12.05,     2.74,
04-07,  4,    28.93,    61.14,     0.19,    28.04,    18.35,     7.95,     0.94,
04-07,  3,    12.58,    22.77,     0.15,    38.00,    15.20,     3.20,     0.27,
04-07,  2,    11.05,    19.19,     0.14,    38.51,    13.35,     4.35,     0.24,
04-07,  1,    13.93,    23.47,     0.17,    34.00,    15.85,     5.55,     0.35,
04-07,  0,    16.89,    34.47,     0.23,    34.64,    13.80,     6.35,     0.33,
03-07, 23,    19.47,    36.49,     0.21,    34.29,    14.25,     6.05,     0.48,
03-07, 22,    29.61,    67.30,     0.36,    29.11,    21.50,     8.55,     0.98,
03-07, 21,    41.65,    90.50,     0.32,    23.00,    19.85,     9.00,     1.28,
03-07, 20,    42.40,    96.51,     0.42,    26.96,    20.60,     9.90,     1.38,
03-07, 19,    30.45,    72.97,     0.29,    35.69,    25.45,    11.65,     1.21,
03-07, 18,    24.77,    59.93,     0.22,    44.88,    18.35,     9.30,     0.97,
03-07, 17,    25.19,    59.68,     0.27,    43.74,    14.95,     6.10,     0.85,
03-07, 16,    46.77,   132.49,     0.38,    37.59,    15.50,     8.45,     1.87,
03-07, 15,    49.14,   109.10,     0.58,    37.38,    20.20,     9.45,     1.79,
03-07, 14,    52.75,   128.06,     0.49,    31.87,    26.85,    13.00,     2.23,
03-07, 13,    28.74,    60.02,     0.22,    49.62,    18.55,     7.45,     0.95,
03-07, 12,    27.34,    54.42,     0.22,    54.31,    19.75,    12.40,     1.02,
03-07, 11,    23.64,    51.06,     0.19,    55.13,    17.60,     3.80,     0.89,
03-07, 10,    22.48,    44.76,     0.17,    58.28,    16.35,     5.00,     0.54,
03-07,  9,    19.20,    40.18,     0.19,    51.52,    15.70,     6.35,     0.68,
03-07,  8,    22.00,    41.17,     0.19,    47.70,    12.50,     6.90,     0.65,
03-07,  7,    15.02,    30.03,     0.18,    43.32,    13.95,     7.05,     0.51,
03-07,  6,    13.86,    23.01,     0.14,    44.06,    13.50,     5.75,     0.34,
03-07,  5,    25.58,    38.69,     0.16,    35.79,    16.15,     8.90,     0.48,
03-07,  4,    44.87,    83.91,     0.17,    19.37,    21.60,     8.70,     1.06,
03-07,  3,    45.89,    85.16,     0.19,    14.50,    19.40,     9.00,     1.21,
03-07,  2,    43.14,    78.08,     0.24,    20.59,    18.95,    10.05,     1.22,
03-07,  1,    36.37,    84.84,     0.30,    25.76,    21.05,     7.20,     1.36,
03-07,  0,    32.03,    75.02,     0.36,    28.41,    20.30,     6.85,     1.33,
02-07, 23,    48.83,   117.36,     0.34,    15.90,   120.50,    86.70,     2.26,
02-07, 22,    52.16,   113.20,     0.34,    13.81,    27.35,    15.40,     2.07,
02-07, 21,    51.69,   107.42,     0.31,    21.40,    21.05,    10.45,     1.52,
02-07, 20,    47.96,    96.44,     0.31,    30.23,    18.45,    11.80,     1.15,
02-07, 19,    44.87,    94.18,     0.33,    33.25,    20.75,    12.20,     1.31,
02-07, 18,    31.47,    62.15,     0.23,    45.88,    26.85,    12.65,     0.85,
02-07, 17,    31.69,    69.40,     0.26,    46.56,    25.70,    10.20,     1.05,
02-07, 16,    43.51,    92.51,     0.34,    42.21,    26.15,     8.45,     1.63,
02-07, 15,    33.51,    72.02,     0.23,    47.34,    26.85,     9.15,     0.99,
02-07, 14,    33.62,    78.30,     0.25,    46.01,    25.90,     9.45,     1.29,
02-07, 13,    32.11,    82.46,     0.26,    43.36,    26.15,     9.00,     1.18,
02-07, 12,    44.34,   104.53,     0.34,    35.76,    24.85,     9.55,     1.56,
02-07, 11,    46.80,   102.66,     0.38,    35.78,    19.25,     9.00,     1.29,
02-07, 10,    52.05,   102.73,     0.29,    36.13,    12.95,     8.40,     1.36,
02-07,  9,    34.67,    84.15,     0.27,    31.02,    11.15,    19.45,     1.26,
02-07,  8,    28.70,    66.72,     0.23,    31.47,     9.60,     4.20,     0.97,
02-07,  7,    29.08,    51.50,     0.18,    33.41,     9.35,     9.40,     0.58,
02-07,  6,    21.23,    38.98,     0.17,    34.34,     9.65,     1.00,     0.47,
02-07,  5,    17.86,    28.28,     0.16,    40.50,    13.45,    11.80,     0.09,
02-07,  4,    13.04,    17.76,     0.14,    48.03,    10.70,     6.70,     0.14,
02-07,  3,    16.96,    28.98,     0.17,    43.08,    10.80,     5.95,     0.26,
02-07,  2,    17.78,    26.77,     0.16,    40.58,    10.95,     6.55,     0.13,
02-07,  1,    21.08,    38.47,     0.19,    40.27,    12.60,     7.15,     0.45,
02-07,  0,    20.95,    36.06,     0.18,    40.33,    10.95,     6.20,     0.33,
01-07, 23,    39.38,    77.46,     0.25,    25.30,    12.95,     7.90,     0.97,
01-07, 22,    33.61,    65.72,     0.40,    30.58,    10.90,     6.95,     0.70,
01-07, 21,    27.97,    47.60,     0.23,    36.06,    11.30,     7.90,     0.40,
01-07, 20,    43.07,    79.61,     0.28,    24.40,    12.70,     9.80,     0.80,
01-07, 19,    47.11,    92.96,     0.31,    22.67,    19.70,    12.90,     0.84,
01-07, 18,    48.02,   117.29,     0.41,    21.14,    27.95,    16.05,     1.43,
01-07, 17,    31.20,    68.80,     0.30,    38.72,    29.25,    13.20,     0.85,
01-07, 16,    35.99,    78.27,     0.32,    37.32,    21.60,    11.50,     0.99,
01-07, 15,    39.41,    84.50,     0.30,    36.49,    28.30,    10.95,     1.05,
01-07, 14,    38.15,    83.42,     0.27,    34.60,    30.95,    11.70,     1.18,
01-07, 13,    36.42,    71.88,     0.25,    32.60,    33.65,    13.00,     0.77,
01-07, 12,    51.35,   108.33,     0.27,    30.45,    34.25,    13.10,     1.60,
01-07, 11,    52.22,   115.35,     0.25,    31.88,    34.85,    14.75,     1.65,
01-07, 10,    45.85,   107.71,     0.22,    40.23,    33.75,     9.35,     1.70,
01-07,  9,    33.67,    77.13,     0.22,    38.46,    28.85,     9.45,     1.15,
01-07,  8,    35.99,    95.96,     0.26,    21.55,    35.85,    11.70,     1.41,
01-07,  7,    34.19,    86.16,     0.25,    21.89,    24.15,    12.15,     1.29,
01-07,  6,    37.99,    91.84,     0.30,    20.07,    22.70,     9.15,     1.32,
01-07,  5,    29.54,    66.56,     0.25,    24.16,    24.20,    10.90,     0.87,
01-07,  4,    25.23,    51.23,     0.25,    28.32,    18.80,    18.30,     0.71,
01-07,  3,    15.40,    22.69,     0.20,    38.96,    14.05,     9.50,     0.28,
01-07,  2,    16.88,    23.42,     0.19,    43.40,    12.40,     8.10,     0.34,
01-07,  1,    15.64,    21.45,     0.21,    47.94,    15.50,    12.15,     1.25,
01-07,  0,    27.98,    51.57,     0.27,    41.81,    18.60,     9.70,     0.58,
30-06, 23,    41.95,    67.46,     0.29,    34.89,    18.70,     8.65,     0.44,
30-06, 22,    50.93,    85.22,     0.29,    24.34,    21.00,     9.70,     0.77,
30-06, 21,    47.07,    71.02,     0.25,    33.31,    18.25,    10.55,     0.58,
30-06, 20,    39.46,    63.02,     0.32,    41.97,    17.85,    10.10,     0.50,
30-06, 19,    36.82,    62.04,     0.32,    43.18,    22.60,    12.00,     0.71,
30-06, 18,    37.80,    70.73,     0.26,    48.25,    23.85,    12.45,     0.94,
30-06, 17,    38.47,    66.40,     0.30,    51.49,    23.00,    10.50,     0.74,
30-06, 16,    40.66,    82.77,     0.31,    43.54,    24.50,    11.75,     1.09,
30-06, 15,    54.77,   119.43,     0.41,    35.80,    22.60,    14.50,     1.60,
30-06, 14,    72.06,   162.82,     0.44,    31.58,    28.45,    17.20,     2.26,
30-06, 13,    64.40,   126.82,     0.32,    44.40,    24.50,    12.95,     1.75,
30-06, 12,    49.66,   101.48,     0.26,    49.80,    25.00,    14.55,     1.36,
30-06, 11,    53.17,   110.95,     0.28,    50.95,    31.40,    10.10,     1.76,
30-06, 10,    47.08,   116.30,     0.26,    43.70,    49.90,    11.15,     1.90,
30-06,  9,    57.79,   120.32,     0.22,    39.18,    44.00,    11.95,     1.85,
30-06,  8,,,,,    21.00,    11.80,
30-06,  7,,,,,    19.75,    10.75,
30-06,  6,,,,,    17.35,     9.85,
30-06,  5,,,,,    21.65,     8.00,
30-06,  4,,,,,    21.15,     6.90,
30-06,  3,,,,,    14.85,     4.35,
30-06,  2,,,,,     9.55,     3.25,
30-06,  1,,,,,    12.15,     7.05,
30-06,  0,,,,,    14.35,     7.05,
29-06, 23,,,,,    21.15,     8.60,
29-06, 22,,,,,    20.35,     9.55,
29-06, 21,,,,,    25.20,    12.80,
29-06, 20,,,,,    30.20,
29-06,  2,    24.87,    40.86,     0.15,    45.25,,,     0.57,
29-06,  1,    44.78,    76.06,     0.17,    40.94,,,     0.88,
29-06,  0,    59.07,   106.23,     0.23,    13.55,,,     1.48,
28-06, 23,    70.73,   134.68,     0.30,    14.52,,,     1.51,
28-06, 22,    83.64,   172.85,     0.46,     9.26,,,     2.50,
28-06, 21,    58.44,   131.50,     0.34,    32.41,,,     2.00,
28-06, 20,    53.00,   108.72,     0.33,    33.02,,,     1.70,
28-06, 19,    24.00,    40.94,     0.24,    54.69,,,     0.50,
28-06, 18,    35.20,    72.19,     0.22,    50.88,,,     0.94,
28-06, 17,    44.19,    79.87,     0.25,    44.77,,,     0.99,
28-06, 16,    52.29,   110.00,     0.32,    45.74,,,     1.87,
28-06, 15,    54.20,   128.75,     0.34,    41.13,,,     2.20,
28-06, 14,    50.48,   113.82,     0.30,    44.90,,,     2.17,
28-06, 13,    57.26,   141.44,     0.32,    36.76,,,     2.19,
28-06, 12,    70.73,   168.27,     0.28,    30.20,,,     3.24,
28-06, 11,    47.05,   121.18,     0.31,    40.88,,,     2.23,
28-06, 10,    51.92,   124.90,     0.24,    40.78,,,     1.97,
28-06,  9,    55.85,   149.57,     0.23,    35.10,    26.50,    10.05,     2.90,
28-06,  8,    43.94,   115.53,     0.22,    38.14,    31.55,    10.70,     2.20,
28-06,  7,    47.34,   114.36,     0.27,    34.61,    32.10,    11.65,     2.10,
28-06,  6,    46.27,   136.06,     0.27,    32.00,    35.70,    12.10,     2.33,
28-06,  5,    47.98,   111.88,     0.27,    27.37,    33.80,    11.85,     2.07,
28-06,  4,    25.15,    54.75,     0.17,    33.65,    14.30,     4.60,     0.92,
28-06,  3,    13.94,    30.88,     0.15,    42.88,     9.80,     4.40,     0.44,
28-06,  2,     8.48,    14.48,     0.14,    50.73,    10.85,     4.85,     0.16,
28-06,  1,     7.85,    11.47,     0.13,    54.20,     6.55,     5.75,     0.21,
28-06,  0,    11.56,    19.94,     0.14,    45.64,    10.60,     5.20,     0.35,